{"N":500,"G":1000,"n":10,"Prices":[289,784,14,750,490,863,374,331,309,643],"Returns":[0.5909124579973333,-0.22606359934219356,-0.09602102553290925,-0.04984332566076666,0.33175799438814535,0.03843319180896376,0.9890335867103088,0.39471162761498757,-0.13454915152757752,0.3400886581338588],"Covariances":[[1.9204692263008791,-0.19179738302509178,0.8483574157294822,0.8885074903418664,-1.3008121741890628,-0.7568666613881833,0.5638702043539919,0.369634176934419,0.23196780871505782,0.592122518551567],[-0.19179738302509178,3.9327582926902096,0.11776087726318563,-0.23893434690355891,-0.0713436267777045,-0.7651902606920615,1.0969977142591796,-1.0584273686967225,-0.15324379305810676,1.645386493152147],[0.8483574157294822,0.11776087726318563,3.702981303386709,0.9974594222443354,-0.6232975056852313,0.06605497690273687,0.27029225015636016,-2.2083708208104724,-0.8041358966751397,0.5789674907116834],[0.8885074903418664,-0.23893434690355891,0.9974594222443354,2.592199146528843,-0.7983782468720215,-0.12779368769066812,0.012009251631868584,-0.6106409264257076,1.1700427642337472,-0.2719600015445996],[-1.3008121741890628,-0.0713436267777045,-0.6232975056852313,-0.7983782468720215,2.9683243231613945,-1.1714515124187324,0.6650916699488806,0.18255795816652198,-0.051555373848273356,-0.5496884606650598],[-0.7568666613881833,-0.7651902606920615,0.06605497690273687,-0.12779368769066812,-1.1714515124187324,2.9769895909259136,-0.1854541783780394,-0.5633266490989682,1.0685776118234735,-1.6866702063309098],[0.5638702043539919,1.0969977142591796,0.27029225015636016,0.012009251631868584,0.6650916699488806,-0.1854541783780394,2.5603633533920003,-0.09393835153089392,1.8182338092266113,-0.8621416100620998],[0.369634176934419,-1.0584273686967225,-2.2083708208104724,-0.6106409264257076,0.18255795816652198,-0.5633266490989682,-0.09393835153089392,4.070250056255881,-1.452222385060844,-1.1808932121711444],[0.23196780871505782,-0.15324379305810676,-0.8041358966751397,1.1700427642337472,-0.051555373848273356,1.0685776118234735,1.8182338092266113,-1.452222385060844,5.205186122854112,-1.7738524779945513],[0.592122518551567,1.645386493152147,0.5789674907116834,-0.2719600015445996,-0.5496884606650598,-1.6866702063309098,-0.8621416100620998,-1.1808932121711444,-1.7738524779945513,4.666833310171873]],"B":1000000,"Fee":0.001,"OldPortfolio":[0,0,0,0,0,0,0,0,0,0]}